#Open,High,Low,Volume,Close
19,25,17.540001,18766300,23.889999
25.790001,30.42,23.299999,17187100,23.83
25,25.92,20.27,8218800,21.959999
23,23.1,18.709999,5139800,19.200001
20,20,15.83,6866900,16.110001
16.4,16.629999,14.98,6921700,15.8
16.139999,17.52,15.57,7711400,17.459999
17.58,17.9,16.549999,4050600,17.4
17.950001,18.07,17,2202500,17.049999
17.389999,18.639999,16.9,2680100,18.139999
17.940001,20.15,17.76,4195200,19.84
19.940001,21.5,19,3739800,19.889999
20.700001,21.299999,20.049999,2621300,20.639999
21.370001,22.25,20.92,2486500,21.91
21.85,21.85,20.049999,1825300,20.299999
20.66,20.9,19.5,1252500,20.219999
20.5,21.25,20.370001,957800,21
21.190001,21.559999,21.059999,653600,21.290001
21.5,21.5,20.299999,922200,20.950001
20.91,21.18,20.26,619700,20.549999
20.549999,20.9,20.51,467200,20.719999
20.77,20.879999,20,616000,20.35
20.200001,20.440001,19.549999,426900,19.940001
20.5,20.969999,20.33,718100,20.92
21,21.950001,20.82,1230500,21.950001
21.950001,22.18,20.85,913000,21.26
21.540001,21.549999,20.049999,796200,20.450001
20.1,20.16,19.52,741900,19.59
19.9,19.98,19.450001,812700,19.6
19.65,19.65,18.82,1281300,19.030001
18.690001,18.879999,17.85,797600,17.9
17.799999,17.9,17.389999,691000,17.6
18.18,18.450001,17.66,634000,18.32
18.450001,18.799999,18.26,485800,18.780001
18.959999,19.4,18.780001,447900,19.15
19.59,19.59,18.6,601300,18.77
18.540001,19.25,18.33,579100,18.790001
18.65,19.110001,18.51,296000,19.1
19.09,20.389999,19,1088100,20.129999
19.25,19.709999,18.950001,673100,19.200001
19.16,19.98,18.559999,503300,19.9
19.889999,20.27,19.6,433800,19.75
19.75,19.870001,19.5,379600,19.700001
19.700001,20.190001,19.610001,732800,19.870001
19.66,19.790001,19.33,201100,19.48
19.620001,20.690001,19.6,494900,20.450001
20.370001,21.24,20.309999,487100,21.059999
20.870001,21.299999,20.66,434600,21.049999
20.610001,21,20.5,243400,20.540001
20.66,20.950001,20.6,288400,20.9
21,21.049999,20.690001,376200,20.709999
20.75,20.93,19.76,386600,20.17
20.889999,20.9,20.5,360800,20.719999
20.540001,21.6,20.530001,654700,21.120001
20.98,22,20.790001,684600,21.98
22.15,23.16,20.84,2684500,20.940001
21.02,21.32,19.799999,1198500,20.23
20.67,21.35,20.16,947500,21.059999
20.889999,21.549999,20.67,796000,20.77
20.870001,20.950001,19.799999,962900,19.870001
19.889999,20.139999,19.5,668100,19.559999
19.950001,20.190001,19.65,578900,20.1
20.4,20.809999,20.049999,418600,20.530001
21.040001,21.49,20.76,1214500,21.4
21.190001,22.030001,21.129999,1969300,21.98
22,22.15,20.190001,2195800,20.41
20.690001,20.75,20.309999,597700,20.6
20.43,21.17,20.299999,643600,20.99
21.15,21.280001,21.01,332000,21.120001
21.059999,21.26,20.32,313400,20.459999
20.57,20.639999,20.34,141000,20.43
20.43,20.790001,20.389999,267800,20.43
20.440001,20.700001,20.07,171200,20.24
20.200001,20.280001,20.030001,244000,20.24
20.639999,20.85,20.360001,318200,20.540001
21,21.030001,20.4,294800,20.75
20.889999,20.9,20.25,284700,20.540001
20.52,20.639999,20.219999,162800,20.23
20.200001,20.41,20,245200,20.049999
20.16,20.690001,20.040001,312500,20.65
20.610001,20.950001,20.450001,417100,20.75
20.68,20.93,20.549999,161100,20.719999
20.940001,20.98,20.73,118500,20.85
20.799999,21.870001,20.51,660900,21.360001
21.25,21.379999,20.65,356500,21
21.389999,21.5,20.959999,224200,21.190001
21.139999,21.85,21.049999,280600,21.84
21.940001,22.75,21.309999,455800,21.41
21.68,21.879999,21.049999,322500,21.25
21.280001,22.5,21.16,372600,21.77
22.6,25.33,22.15,1874000,24.9
24.870001,24.969999,23.719999,1011000,24.440001
24.5,25,24.030001,509500,24.98
25,25.690001,24.049999,956400,24.629999
24.48,29.969999,24.049999,3060500,29.360001
28.6,29.1,27.33,1945300,28.040001
28.25,30.5,28.07,2729100,29.84
30.219999,32.939999,30.219999,2622900,30.799999
31,31.4,28.42,1347600,29.67
30.200001,30.75,28.610001,750000,29.49
30.67,30.74,28.92,956100,29.889999
30.16,31.370001,29.700001,1150500,30.99
31.57,33.450001,31.5,1529700,33.400002
33.290001,35.68,32.189999,1577800,34.57
35.27,35.970001,34.330002,1425000,35.470001
35.599998,36,34.75,350600,35.32
35.41,35.950001,33.330002,1145600,34.330002
33.740002,35.330002,33.41,2222600,35.330002
35.869999,36.419998,33.450001,1299200,34.349998
34.009998,34.299999,31.200001,2007000,32.349998
32.009998,32.25,30.870001,1160100,31.49
31.35,31.450001,29.559999,1274400,30.309999
30.49,32.400002,30.049999,1311300,31.559999
32.48,32.490002,31.52,660000,32.369999
32.509998,32.720001,31.65,406000,32.049999
32.049999,32.919998,31.129999,429400,31.52
31.639999,31.77,30.4,410400,30.549999
30.290001,30.389999,27.76,1765700,28.530001
28.67,29.969999,28.530001,742900,29.6
30,30.91,29.65,790100,30.809999
31.34,31.540001,30.709999,813000,31.360001
31.639999,32.189999,31.26,523400,31.700001
31.799999,32.689999,31.709999,777700,32.259998
32.25,32.860001,31.700001,833300,32.630001
31.26,32.48,29.92,1552600,30.09
28.02,28.58,25.059999,9301900,25.549999
25.85,26.75,25,4056300,26.41
27.030001,28.01,26.5,3319200,27.73
27.700001,27.9,26.379999,2041100,26.5
26.57,27.25,26.5,1417900,26.629999
26.84,27,25.9,1283000,26.620001
26.66,26.950001,26.02,1187400,26.67
26.48,26.9,26.190001,1446700,26.83
26.83,28,26.809999,2061200,27.879999
28,28.58,27.9,2247900,28.24
28.17,28.68,28.049999,1342700,28.450001
28.59,28.709999,26.92,1710200,26.959999
27.01,27.4,26.52,964400,26.959999
26.959999,26.969999,26.16,723600,26.219999
26.15,26.58,25.610001,1192000,25.75
25.48,25.639999,24.75,1621700,25.639999
25.27,25.469999,23.75,2371500,24.030001
24.030001,24.450001,22.370001,2279900,22.620001
23.120001,23.59,22.709999,1217000,23.040001
23.530001,24.809999,23.23,1645100,24.49
24.65,24.889999,24.02,1271500,24.68
24.709999,24.879999,24.1,1079900,24.75
24.74,25.08,24.530001,895700,24.92
24.879999,24.879999,23.75,1048400,24.01
24.049999,24.120001,23.5,830300,24.1
24.309999,24.73,23.540001,707800,23.91
24.16,24.18,23.67,569500,23.940001
23.82,23.9,23.15,512000,23.629999
23.440001,23.67,23.219999,544000,23.459999
23.26,23.26,22.879999,895100,23.07
23.780001,25.25,23,3504900,24.49
24.129999,24.18,22.790001,2635600,23.209999
23.26,23.639999,22.809999,836100,23.219999
23.25,23.75,22.940001,634500,23.25
23.639999,24.139999,23.049999,1283100,23.08
23.01,23.17,22.559999,953700,22.84
23.1,24.969999,23.07,4115100,24.73
24.629999,25.49,23.549999,2618400,23.6
23.33,23.49,22.959999,2370700,23.18
22.879999,23,21.780001,2064600,21.870001
22.18,22.5,21.110001,1605600,21.83
21.780001,22.58,21.5,1055300,22.530001
22.809999,23.85,22.690001,1346300,23.610001
23.74,24.1,23.5,1051200,23.889999
24.049999,24.32,23.700001,1106400,23.940001
23.82,24.280001,23.73,663300,24.02
24.48,24.790001,24.059999,640200,24.360001
24.48,24.99,23.780001,1580100,24.950001
24.93,25.4,24.700001,2033600,24.940001
24.6,24.959999,24,1399900,24.66
24.66,24.99,24.27,924800,24.719999
24.440001,24.49,23.73,1017000,24.01
23.85,24.25,23.530001,930800,24.07
23.82,24,23.200001,1166000,23.25
22.200001,22.959999,21.799999,1318800,22.950001
22.860001,23.25,22.690001,1169700,22.82
23.24,23.43,22.639999,922600,22.809999
23.190001,23.190001,22.51,687900,22.959999
23.049999,23.049999,22.540001,411700,22.73
22.73,22.860001,22,582900,22.190001
22.110001,22.27,21.77,422800,22.209999
22.139999,22.379999,21.98,462200,22.33
22.43,23,22.4,568000,22.75
22.700001,23.540001,22.549999,1058100,23.25
23.299999,24,23.209999,755400,23.92
24.110001,24.49,23.01,1223300,23.709999
26.549999,28.709999,26.5,11517800,27.75
27.450001,28.18,26.57,2864800,26.66
26.83,27,25.23,2609300,25.83
25.9,27,25.690001,3180900,26.700001
26.99,27.01,25.799999,1288300,26.49
26.85,27.940001,26.450001,2810300,27.24
27.58,27.6,26.360001,1946400,26.49
26.469999,26.530001,25.02,1369400,25.27
25.08,25.209999,24.299999,1357400,24.65
25.129999,25.690001,24.809999,1211500,24.93
24.870001,25.280001,24.200001,983400,25.139999
25.65,26.18,25.41,943500,25.58
25.129999,25.620001,24.360001,1033900,25.030001
25.26,25.26,24.65,548700,25.16
25.700001,26.09,25.299999,837200,25.75
25.85,26.98,25.59,1386100,26.74
26.700001,26.73,25.969999,800900,26.389999
26.66,27.25,26.309999,1400000,26.93
26.93,27.360001,26.629999,996900,27.08
27.07,27.690001,26.719999,1600000,27.66
27.690001,27.870001,27.42,726000,27.6
27.6,27.799999,27.059999,784600,27.450001
27.379999,27.389999,26.5,913900,26.870001
26.780001,27,25.75,1044500,26.690001
27.200001,27.440001,26.17,1218500,26.440001
26.9,27.700001,26.620001,981700,27.120001
27,28,26.85,916400,27.91
28.24,28.950001,27.91,1535300,28.33
28.200001,28.299999,26.92,962500,27.07
27.07,27.74,26.65,628000,27.67
28,28.190001,27.299999,661500,27.549999
27.99,27.99,26.549999,755700,26.6
27,27,25.719999,1234200,25.959999
26.1,26.469999,25.52,729500,26.35
27.030001,28.440001,26.6,2655100,28.200001
28.26,28.280001,27.35,842500,27.969999
27.620001,27.620001,26.620001,863600,26.82
27.02,27.5,26.6,613700,26.719999
26.9,29.01,26.17,4693100,28.98
28.82,29.76,28.1,3336900,29.48
29.540001,29.67,28.82,1687100,29.549999
29.690001,30.280001,29.549999,3290500,30.139999
30,30.1,28.379999,1529900,28.52
28.52,29.32,28.51,986300,28.76
29.950001,31.5,29.5,6209200,30.129999
30.1,30.129999,28.26,2331100,28.700001
28.940001,29.389999,28.26,1222100,28.370001
28.440001,28.6,27.02,1695900,27.120001
27.43,28.1,27.1,1603200,27.620001
27.52,28.299999,27.35,1566600,27.860001
28.07,28.879999,27.879999,1713400,28.43
28.540001,29.700001,28.52,1573400,28.6
28.440001,28.450001,27.07,1345000,27.32
27.67,28,25.74,1842200,26.5
26.870001,27.700001,26.139999,1714000,26.5
26.290001,26.459999,25.5,1537800,26.01
26.24,27.73,26,1496000,27.530001
27.370001,28.25,27.1,1475600,27.209999
27.200001,27.719999,26.209999,1170000,27.709999
27.639999,27.969999,27.26,3608500,27.57
27.73,28.280001,27.309999,1809400,27.459999
27.790001,28.25,27.67,889200,28.110001
28.5,29.09,28.07,1461800,28.290001
28.5,29.33,28.4,946700,29.129999
29.07,29.6,28.799999,854900,29.02
29.02,29.52,28.709999,996000,29.139999
29.139999,29.139999,28.549999,926900,28.959999
29.139999,30,29.01,1327900,29.73
29.889999,29.889999,28.59,1240600,28.809999
28.4,28.530001,28,975800,28.35
28.370001,29.09,28,1045400,28.17
28.43,29.030001,27.9,1066000,28.639999
28.530001,28.959999,27.25,1159000,27.610001
27.790001,27.83,27.4,709000,27.58
27.34,27.450001,26.629999,851900,27.23
27.58,28.110001,27.540001,1026100,27.889999
28,30.440001,27.799999,3048300,28.690001
28.91,29.16,28.1,1011500,28.700001
28.700001,29.540001,28.549999,583500,29.290001
29.01,29.25,28.440001,673300,28.49
28.309999,28.77,27.969999,760600,28
28.5,28.5,27.51,958500,27.639999
27.6,28.549999,27.540001,938700,28.17
27.799999,28.4,27.5,948200,28.17
28.67,28.98,28.209999,1164900,28.77
28.690001,29.200001,27.27,1549400,27.34
27.5,27.83,26.34,1794500,27.200001
26.51,26.889999,24.67,3064500,24.75
24.99,25.379999,22.83,1964400,24.24
23.1,24.440001,23.1,2608500,23.639999
24.15,25.450001,23.700001,1333400,25.059999
25.440001,25.440001,23.629999,1564200,23.82
24.040001,25.75,24,836500,25.299999
25.6,27.139999,25.360001,1009100,26.309999
26.620001,26.75,25.93,738600,26.23
26.129999,26.540001,25.83,537700,26.1
26.389999,26.65,25.51,643700,25.83
25,25.15,23.469999,1056600,24.26
23.860001,24.219999,22,1375300,22.299999
23.110001,23.799999,21.68,986100,21.950001
21.93,23.110001,21.5,869000,22.959999
23.1,23.93,22.83,684300,23.870001
23.870001,23.870001,22.9,679800,23.110001
22.709999,23.950001,22.07,761800,23.73
24.219999,24.85,24.02,803400,24.709999
24.5,24.77,24.09,366200,24.629999
24.799999,25.5,24.280001,823800,24.74
24.66,24.870001,23.84,848100,24
23.66,23.99,22.68,769900,23.07
22.5,23.200001,22.290001,809800,22.940001
23.389999,24,23.280001,459200,23.84
23.58,24.030001,23.280001,505700,23.610001
23.370001,23.57,22.549999,669300,22.969999
22.5,23.309999,22.450001,566600,22.879999
23.01,24.1,22.75,726500,24.08
24.25,24.84,23.790001,830800,24.34
24.58,24.93,24.33,562600,24.82
24.780001,25.84,24.49,1417100,25.799999
24.950001,25.809999,23.82,1157400,25.77
25.98,26.6,25.67,1180400,26.01
25.950001,26.950001,25.700001,987600,25.85
25.639999,26.110001,24.879999,775800,25.629999
25.49,26.620001,25.35,1156400,26.379999
26.52,26.52,24.9,934800,25.52
26,26.99,25.57,674500,26.190001
26,26.5,24.51,723300,24.59
25.719999,25.82,23.549999,929600,24.120001
24.799999,24.889999,23.49,1336100,24.389999
24.950001,25,23.25,1023200,23.73
23.290001,24.32,22.93,1200300,23.66
24.030001,25.84,23.35,1229500,25.370001
25.370001,27.6,25.02,1769100,26.959999
26.98,27.6,26.049999,1311600,26.99
27.309999,28.18,27,923500,27.879999
27.51,27.77,27.09,575700,27.610001
27.25,28,27.200001,1123400,27.799999
27.629999,28.469999,27.440001,1043500,27.940001
28,28.549999,27.26,1400500,28.049999
27.860001,28,27.26,754500,27.42
27.299999,28.43,26.709999,999700,28.34
28.02,28.059999,27.299999,792900,27.57
27.440001,27.469999,27,999700,27.34
27.4,28.299999,27.01,1142600,28.030001
27.870001,28.889999,27.75,940600,28.549999
28.23,28.860001,27.799999,654400,28.25
28.190001,28.370001,27.4,510500,27.98
28.34,28.950001,28.110001,869400,28.76
28.5,30,28.01,1264000,29.870001
29.5,29.51,28.75,1134000,29.370001
28.389999,28.92,28,635200,28.879999
29,29.26,28.25,875300,28.709999
30,32.490002,29.530001,2509700,32.459999
31.459999,32.400002,30.51,3032900,32.310001
31.639999,32,30.75,1266300,31.27
31.370001,32,30.719999,1167900,31.84
30.870001,31.49,30.299999,953700,30.879999
30.940001,31.5,30.65,747300,31.33
31.9,34.5,30.57,3868300,33.639999
33,33.540001,32.619999,1325700,33.220001
32.919998,34.400002,32.73,891000,33.93
33.48,35,33.400002,1833200,34.939999
34.5,34.900002,33.189999,1349300,33.68
33.639999,34.110001,32.540001,902800,32.599998
32.439999,32.439999,31.049999,1031600,31.76
31.76,32.790001,31.049999,732600,32.07
31.76,32.049999,31.25,451800,31.450001
31.549999,32.41,31.08,239600,31.66
32,33.279999,31.809999,681200,32.560001
32.490002,33.07,31.629999,591100,31.75
32.5,32.93,32.220001,760300,32.740002
32.57,33.990002,31.98,1030200,32.599998
32.830002,33.689999,32.400002,802800,33.299999
33.529999,35,33.43,1160100,34.419998
34.200001,34.98,34.029999,951800,34.869999
34.630001,34.889999,33.799999,674300,34.189999
30.84,31.65,29.610001,3305800,30.889999
30.540001,31.120001,30.280001,1239500,31.040001
30.440001,30.620001,30.02,758700,30.41
30.57,30.93,28.91,994100,29.450001
29.5,29.68,28,1163900,28.530001
28.67,29.17,28.120001,700300,28.620001
28.790001,28.93,27.98,1029700,28
28.09,28.5,27.370001,987000,27.75
28.049999,28.450001,27.719999,843300,27.9
27.91,28.07,26.030001,1705500,27.57
27.6,28.049999,27.299999,1009400,27.77
28,28,27.52,591400,27.9
27.66,28.77,27.639999,777500,28.57
28.99,29.24,28.040001,575200,28.51
28.59,29.34,28.549999,488200,28.73
28.49,28.98,28.25,339800,28.559999
28.940001,29.5,27.65,928100,28.08
28.209999,28.67,27.5,630100,27.709999
27.76,27.93,26.85,1005500,27.120001
27.200001,27.790001,26.41,986300,26.91
27,27.49,26.120001,897000,27.25
27.440001,27.76,27.25,671800,27.620001
27.620001,28.379999,27.299999,672300,28.23
28.48,28.620001,27.809999,729300,28.25
28.4,28.5,22.639999,5500400,22.790001
26.620001,27.34,26.41,4651600,26.6
26.690001,26.879999,26.25,1260200,26.809999
27.190001,27.74,26.610001,1246300,26.76
26.9,27,26.4,662300,26.6
26.809999,27.209999,26.6,594600,26.77
26.629999,27.68,26.440001,858000,27.42
27.27,28.01,27.049999,611200,27.969999
28.07,29.58,28,1271100,28.940001
28.5,29.719999,28.5,748400,29.33
29.49,29.610001,28.530001,729000,29.57
29.9,30,28.870001,956400,29.07
29.07,29.700001,29,523200,29.58
29.719999,30.879999,29.610001,805700,30.25
30.41,31.33,30.25,764500,31.15
31.1,31.9,31.049999,652100,31.799999
31.799999,31.799999,30.82,1021600,31.6
31.6,32.009998,31.290001,623700,31.93
32,32.900002,31.43,1277100,32.580002
32.259998,32.27,29.84,1874200,31.1
31.549999,32.060001,30.9,1157900,31.49
31.74,33.790001,31.4,1810800,33.169998
33.099998,34.41,32.27,2761800,33.599998
33.5,34.509998,32.540001,2219700,34.18
33.990002,34.970001,33.5,1376700,34.970001
34.869999,34.869999,33.810001,1135800,34.5
34.5,34.720001,32.5,1654600,34.220001
33.990002,34.970001,33.560001,820400,34.529999
34.23,34.52,33.27,959900,33.75
33.41,34,33,606000,33.619999
33.639999,34.439999,33.169998,612200,33.810001
33.810001,34.119999,33.139999,535700,33.41
33.509998,34.5,33.310001,703500,34.41
34.400002,34.5,33.709999,550000,34.040001
34.349998,34.400002,33.459999,467000,33.77
33.25,33.279999,32.619999,573800,33.110001
33.119999,33.310001,32.91,364900,33.119999
33.110001,33.490002,33.040001,633300,33.07
33.200001,35.310001,33.200001,1553400,34.740002
34.689999,36.290001,34.599998,1963300,36.009998
36.509998,36.59,35.5,1001600,36.09
36,36,34.799999,851500,35.290001
35.279999,35.48,34.779999,571600,35
34.900002,35.889999,34.830002,729300,35.32
35.259998,35.32,34.540001,1015600,34.98
34.98,35.200001,34.57,567000,34.959999
34.939999,35.299999,34.599998,607200,35.150002
34.970001,35.150002,34.299999,522400,34.400002
34.259998,34.630001,33.150002,1170600,34.080002
35.59,38.09,35.040001,3140500,37.400002
37.16,39.950001,37.029999,2539200,37.939999
37.779999,38.439999,37.110001,955000,37.849998
38.189999,38.189999,37.029999,796400,37.330002
37.52,37.939999,36.68,886400,37.240002
37.330002,37.970001,36.529999,1028600,36.580002
36.700001,38.470001,36.669998,1098100,38.009998
35.27,35.490002,34.689999,4481800,35
35.099998,35.439999,34.41,1509400,34.48
34.099998,34.290001,33.099998,1655700,33.150002
33.150002,33.849998,32.099998,1847700,32.459999
33.240002,33.290001,32.009998,1105500,33.09
33.77,34.48,32.919998,1033900,33.439999
33.939999,34.040001,32.849998,649600,33.59
33.41,33.700001,32.09,1099600,32.25
32.43,33.07,32.040001,1115500,32.240002
32.09,32.75,31.530001,823100,32.66
32.75,33.43,32.5,774900,33.16
33.139999,33.73,32.939999,821800,33.16
32.860001,32.970001,31.709999,890800,31.940001
31.82,32.200001,31,674500,31.82
32.07,32.990002,32.07,712200,32.91
32.959999,33.52,32.91,425300,33.490002
33.599998,33.630001,32.91,591000,33.34
33.27,33.360001,32.580002,413900,33.130001
33.130001,34.209999,33.130001,659000,33.779999
33.5,34.389999,33.389999,497300,33.939999
33.91,34,32.130001,841300,32.459999
32.32,32.459999,31.4,1247500,31.83
31.959999,32.580002,31.610001,1158000,32.470001
32.5,32.73,29.370001,3097200,30.190001
30.299999,30.77,29.76,1947900,30.059999
32.970001,34.68,32.400002,5556300,32.959999
32.490002,33.439999,32.16,1221300,32.25
31.92,32.130001,30.049999,1380900,30.059999
30.26,30.959999,29.219999,1585700,29.43
29.58,30.18,28.879999,1257100,29.18
29.299999,29.790001,28.24,1149000,28.57
28.370001,28.459999,26.83,1616500,27.559999
27.58,29.26,27.120001,1475200,28.77
30.1,31.34,30,2366200,30.799999
30.559999,31.049999,29.5,1220400,31.02
31.25,31.25,29.690001,1075600,30.280001
30.16,30.41,29.200001,757000,29.809999
30.01,31.93,30.01,1650000,31.690001
31.08,31.42,30.24,1307200,30.41
30.07,30.290001,28.75,1118700,29.5
28.530001,29.16,27.76,885800,28.15
28.030001,28.41,27.110001,1030900,27.879999
27.84,28.389999,27.559999,630900,27.91
28.200001,29.450001,28.139999,909900,29.219999
29.809999,29.870001,28.85,492100,28.93
28.860001,30.190001,28.15,881100,30.08
30.309999,31,28.959999,636000,29.120001
29.23,29.84,28.809999,569000,29.66
29.549999,30.639999,29.469999,844100,29.77
30.18,30.65,28.620001,872200,29.389999
29.389999,29.950001,28.809999,646800,29.91
29.940001,32.330002,29.5,1256800,31.84
32.02,32.66,31.5,911100,32.09
33.5,34.5,33.209999,3422400,33.779999
34.259998,34.279999,31.84,1891900,32.189999
32.599998,33.98,32.459999,3046600,33.790001
33.939999,34.119999,32.75,1498500,33.110001
32.049999,32.349998,31.389999,2613900,31.610001
31.9,32.450001,31.57,1047200,31.959999
31.9,32.110001,30.620001,914100,31.41
32.799999,32.799999,31,1125800,31.290001
31.35,31.799999,30.190001,1315600,30.4
30.6,31,30.4,947000,30.66
30.809999,31.67,30.799999,1253800,31.23
30.99,31.73,30.799999,784500,30.99
30.940001,31.83,30.67,910500,31.49
31.540001,32.48,30.889999,758400,31.27
31.57,31.68,31.01,638600,31.51
31.290001,33.009998,30.799999,1125700,32.700001
32.970001,34.400002,32.830002,1304800,34.25
34.32,36,33.900002,1744000,35.959999
35,35.209999,32.380001,2569300,33.349998
31.42,33.669998,31.059999,2881900,32.150002
32.720001,33.150002,32.040001,1435900,32.27
32.07,32.25,31.25,1568500,31.790001
31.049999,31.299999,30.620001,1386800,30.66
30.66,31.040001,29.620001,1500300,29.84
29.92,29.98,28.75,2842200,28.950001
29.9,30,27.639999,2262300,28.129999
28.709999,29.66,28.1,1673000,29.51
29.51,30.25,27.209999,2065200,27.35
27.540001,27.969999,27.35,1575100,27.42
27.99,27.99,26.030001,1592300,26.25
26.84,26.85,25.52,1305100,26.1
26.9,27.549999,26.74,1209500,27.27
27.549999,28.700001,27.549999,1528200,28.27
28.77,30.9,28.5,2387200,30.25
29.9,30,28.59,1308900,29.09
29.52,30,29.129999,672600,29.41
29.309999,29.940001,29.309999,707400,29.940001
29.690001,31.299999,29.1,870100,31.17
30.75,31.17,29.26,793400,29.42
29.389999,29.700001,28.809999,525400,29.4
29.530001,30.389999,29.5,669000,30.299999
30.290001,30.709999,29.98,508200,30.01
30.15,30.389999,29.1,1179100,29.51
29.58,30,29,761600,29.110001
29.01,30.040001,29.01,775500,29.950001
30,30.85,29.65,1471000,30.73
30.059999,30.24,29.41,1429400,29.5
29.57,29.700001,28.17,1350400,28.32
28.4,29.379999,28,1402700,28.690001
28.49,28.639999,28.02,838900,28.41
28.6,28.74,28.1,656400,28.41
28.610001,28.84,28.200001,539800,28.52
28.52,28.99,27.9,752500,28.139999
28.01,28.5,27.809999,639300,27.940001
28,28.9,27.9,841700,28.549999
28.549999,29.57,28.5,953200,29.35
29.200001,29.35,27.299999,1483300,27.370001
27.76,28.16,27.4,1014900,27.799999
27.9,28.58,27.799999,1145200,28.280001
28.57,29.5,28.48,1484700,29.48
30,30.65,29.65,1536600,30.389999
32.349998,32.779999,31.51,3212800,32.540001
31.879999,31.9,30.68,1788500,31.34
31,31.74,30.940001,1048500,31.049999
30.93,31.5,30.68,912400,30.9
31.1,31.49,29.540001,1870000,30.02
29.51,31.030001,29.4,1301900,30.66
28.620001,29.48,27.530001,5680400,27.66
27.66,28.4,27.48,1527200,27.540001
27.82,28.540001,27.6,1758600,28.49
28.73,29.889999,28.610001,4343400,29.280001
29.5,29.889999,29,884400,29.16
29.280001,29.889999,29,729000,29.799999
29.75,29.950001,29.24,1052800,29.299999
30,30.1,28.65,1541300,29.4
29.700001,29.809999,28.68,938600,28.889999
28.860001,29.4,28.610001,889700,29.25
29.120001,29.120001,28.25,1193000,28.370001
28.389999,28.719999,28.01,503600,28.4
28.940001,28.98,28.25,450600,28.32
28.32,28.73,27.5,987600,27.639999
28.02,28.049999,26.860001,1468700,27.33
27.67,28.09,27.34,479300,28.059999
28.25,28.84,27.799999,668000,28.82
28.99,28.99,27.780001,741000,28.040001
27.83,28.200001,27.299999,1027400,27.74
27.99,28,27.360001,470200,27.85
27.379999,28.559999,27.370001,749000,28.389999
28.52,28.52,27.25,1016400,27.42
27.799999,27.799999,27.450001,577700,27.52
27.530001,27.799999,27.02,477400,27.379999
27.700001,28.35,27.370001,775200,28.129999
28.25,29.49,28.200001,1024100,29.25
29.27,29.549999,28.549999,1030300,28.92
29.799999,31.58,29.33,2048900,31.5
30.610001,31.200001,29.950001,2324000,31.15
31,32.049999,30.809999,1714500,31.540001
31.01,31.879999,30.940001,1274000,31.309999
30.6,30.93,29.85,863000,30.32
30.290001,31.42,30.16,555900,31.07
31.290001,32,30.719999,998300,31.610001
31.959999,32.119999,31.200001,871300,31.379999
31.299999,31.440001,30.5,984000,30.82
31.15,32,30.59,908700,31.84
32.07,33.25,31.84,1392400,32.919998
32.799999,33.099998,31.91,922500,33
32.610001,33.470001,32.290001,963200,32.470001
32.599998,32.830002,31.700001,430300,32.130001
32.099998,32.299999,31.620001,495800,32.27
32.130001,32.66,31.52,910800,32.150002
32,34.290001,31.91,1525200,33.23
33.439999,34,32.869999,1103400,33.689999
33.630001,34.279999,33.009998,1420300,33.82
33.889999,35,33.5,2085700,34.619999
34.080002,34.799999,33.549999,1263300,33.900002
33.82,34.189999,33.580002,661500,33.709999
33.82,34.799999,33.5,660400,33.900002
34.299999,34.490002,33.849998,664400,34.169998
34.43,34.799999,34.18,929800,34.57
34.599998,35.5,34.459999,1572600,35.279999
35.209999,35.799999,34.950001,2063800,35.259998
35.259998,35.299999,32.75,2151300,33.610001
33.779999,34.400002,33.59,1023000,33.810001
33.77,34.5,33.75,824900,34.400002
34.259998,35.07,34.259998,1553900,34.59
34.75,35.259998,34.52,1298800,34.610001
34.509998,34.790001,34.049999,921200,34.43
33.939999,34.169998,33.580002,1492400,34
33.639999,34.349998,33.549999,375800,34.279999
33.959999,34.5,33.5,601400,33.59
33.5,33.91,33,561100,33.689999
33.380001,33.650002,33.02,414100,33.220001
33,33.970001,33,594900,33.869999
35,35.450001,34.709999,1194800,35.360001
35.18,35.450001,34.75,742000,34.77
34.799999,34.799999,33.919998,674000,34.400002
34.799999,34.799999,33.900002,442000,34.34
34.5,34.5,33.110001,1284000,33.68
34.009998,34.189999,33.400002,698000,33.639999
33.869999,33.990002,33.380001,922500,33.529999
34.040001,34.040001,32.110001,1563200,32.91
33.080002,33.380001,32.849998,925100,33.259998
33.110001,34.25,33.080002,1624200,33.900002
33.849998,34.23,33.73,1378200,34.099998
34.16,34.849998,33.919998,1436700,34.380001
34.740002,34.779999,33.82,3555100,34.52
34.560001,35.549999,34.259998,1920200,35.189999
35.02,36.240002,34.959999,1564300,36
36,37.720001,35.84,1970400,36.990002
37,37.540001,36.799999,1287800,36.98
36.860001,38.709999,36.860001,1986000,38.029999
38.099998,38.439999,37.130001,1426600,37.950001
37.849998,38,37.43,968100,37.52
37.869999,37.869999,36.93,901400,37.509998
38.169998,38.5,37.619999,1100600,38.299999
38.400002,38.419998,37.59,1128000,37.740002
38,38.650002,37.68,1310200,38.130001
38.18,39.389999,37.900002,1893200,39.169998
39.189999,39.68,38.950001,1196600,39.48
39.450001,40,39.139999,1139800,39.240002
37.98,39.150002,37.5,3266300,38.419998
38.450001,38.869999,37.290001,2261300,37.889999
38.299999,39,38.049999,966800,38.450001
38.639999,38.75,38.209999,990700,38.27
38.5,38.509998,36.950001,2017600,37.040001
37.360001,39.290001,37.310001,2701400,39.279999
39.299999,39.650002,38.459999,3122000,38.540001
36.490002,37.389999,34.540001,9037800,35.16
35.720001,36.389999,35.599998,2547300,36.110001
36.150002,36.75,34.34,2889400,34.380001
34.459999,34.959999,33.799999,2762900,34.43
34.41,35.41,34.400002,1959200,35.099998
35.889999,36.099998,34.369999,1964900,34.830002
35,35.080002,34.25,1546600,34.650002
34.77,35.830002,34.700001,1757700,35.580002
36,36.919998,35.790001,2087000,36.650002
37.009998,37.880001,36.970001,1150000,37.689999
37.73,38.650002,36.880001,1158300,38.23
38.060001,39.439999,37.360001,912100,38.470001
38.869999,39.439999,38.650002,1579500,39.099998
38.900002,39.380001,38.849998,1275100,39.119999
39,39.490002,38.810001,822000,38.98
38.900002,38.91,36.77,2021000,36.849998
36.639999,36.650002,35.209999,3279600,35.290001
35.299999,36.060001,34.919998,1316100,35.150002
35.25,35.599998,34.939999,1098500,35.080002
35.259998,36.07,35.16,1423000,35.950001
35.950001,37.060001,35.740002,1146300,36.009998
36.200001,36.799999,36.200001,440200,36.619999
37.099998,38.52,36.77,2378800,37.529999
37.98,38.220001,37.66,1808200,37.860001
37.939999,38.380001,37.310001,1296300,38.16
38.23,38.240002,37.75,1158700,37.889999
42.360001,46.68,41.700001,14098500,43.93
43.599998,45.5,43.509998,6652400,44.34
43.099998,43.470001,40.209999,5643600,41.099998
41.110001,42.25,40.810001,2264800,42.009998
42,42,40.5,1552400,41.369999
41.970001,42.549999,41.509998,1679000,41.830002
41.799999,41.830002,40.330002,1696100,40.5
40.700001,42.009998,40.610001,2121100,41.860001
42.060001,44.549999,41.75,3447400,43.59
43.25,45.139999,43.049999,3149400,43.75
43.5,43.799999,42.509998,1681400,43.299999
44.189999,46.139999,43.91,3180400,45.59
45.5,45.950001,44.540001,2118500,45.450001
45.98,47.599998,45.389999,3367900,46.970001
47.459999,49.880001,47.07,3011700,47.830002
48.599998,50.200001,47.75,3939400,50.189999
51,52.919998,50.66,3733800,51.009998
50.900002,51.049999,48.98,2630000,50.43
50.5,52.400002,50.5,2795900,52
53.130001,53.740002,50.619999,3622100,51.200001
51.759998,54.990002,51.200001,3639700,54.939999
56,58.18,53.759998,5522600,53.990002
55.990002,55.990002,53,2742800,53.279999
53.849998,55.27,53.700001,3050400,54.110001
56.470001,56.470001,54.5,3378700,54.549999
56.389999,59.66,55.5,4366700,59.5
62,62.369999,55.119999,9991000,55.509998
57.5,58.200001,55.709999,6769900,55.790001
70.120003,75.769997,63.689999,28605000,69.400002
69.650002,81,69.25,25082600,76.760002
80.989998,88,79.150002,22416900,87.800003
94.220001,97.120003,81.150002,37163900,83.239998
81.800003,86.879997,78.110001,16878700,84.839996
94.699997,95,88.660004,21614000,92.25
92.5,94.440002,87.5,19002200,91.5
91.120003,92.5,88.629997,8348400,89.940002
88.5,89.989998,85.279999,8998200,87.589996
86.370003,90.959999,85.5,8568000,87.239998
84.809998,93.010002,83.050003,12022200,92.730003
92.599998,97.949997,92,16124200,97.080002
101.550003,110.75,100.300003,19691900,110.330002
113.550003,114.900002,99,25099500,104.629997
102.459999,109.540001,101.199997,16133700,104.949997
106.260002,106.440002,97.730003,15172000,97.760002
97.620003,97.620003,88.25,19139600,92.589996
92.75,96.419998,92.400002,8856100,94.839996
93.660004,97.970001,89.110001,12224800,95.370003
95.25,99.269997,95.110001,9510900,97.349998
98,102.900002,96.699997,10711600,102.040001
98.93,102.519997,98.57,9228600,100.050003
98.18,98.68,94.050003,7394000,94.470001
96.800003,100.480003,95.75,9192700,97.730003
99,99.279999,95.120003,5961600,98.18
100,102.519997,99.330002,6564700,100.300003
103.599998,104.75,101.199997,7066200,102.199997
101.75,103.980003,99.199997,8795300,103.389999
102.059998,106.669998,102.010002,8578900,104.68
104.650002,107.129997,99.449997,10106500,100.650002
103.699997,103.699997,97.5,11718600,99.550003
96.5,102.870003,95.300003,7119800,101.489998
103.099998,104.199997,100.550003,5848700,102.400002
103.800003,105.870003,102.660004,6602600,105.720001
106.75,110.25,106.129997,8744900,109.25
108.57,109.440002,106.709999,5748600,107.360001
109.360001,117.769997,109.150002,10903600,117.18
118.25,121.889999,115.5,12064100,117.82
118,119.25,114.269997,4806700,115.239998
118.32,120.279999,115.699997,6818700,120.089996
121.370003,122.18,118.82,7814200,121.610001
124.639999,125.32,121.910004,8603300,123.449997
123.190002,123.25,120.790001,5600100,122.269997
124.879997,126.089996,122.349998,7483600,125.610001
125.5,129.940002,124.510002,11344000,129.899994
133.029999,133.259995,126.82,9922400,127.260002
126.279999,126.32,107.300003,32371900,109.050003
106.519997,121.620003,104.5,26029000,120.25
120.970001,122.730003,116.18,11398100,119.029999
118.5,120.550003,116.510002,5890300,119.68
119.889999,126.68,119.879997,9797800,122.43
124,125.559998,121.82,7736400,122.739998
124.470001,124.5,119.559998,6869000,121.699997
120.400002,124.75,120.190002,5284300,124.07
128.139999,130.679993,126.610001,9633100,129.389999
129.320007,135.369995,128.25,9678900,134.619995
134.800003,137.490005,128.179993,13127000,131.740005
132.570007,134.970001,131.449997,6351700,134.279999
135,136.520004,132.630005,5323600,135.550003
134.589996,138.25,133.610001,6269900,138
140.009995,144.889999,139.649994,10200700,144.679993
144.75,145.729996,141.100006,9254500,142.149994
141.889999,141.949997,132.360001,18212200,134.229996
154.350006,158.880005,150.460007,27246800,153.479996
152.399994,155.949997,151.25,8927700,153
149.429993,150.5,142.050003,14912200,147.380005
149.5,149.839996,144.449997,8748900,145.429993
142.720001,144.839996,138.050003,11693800,139.360001
136.429993,143.600006,135,10179200,139.669998
141.630005,143.910004,140.970001,7108100,142
143.429993,147.380005,142.830002,8037700,144.899994
148.649994,149.779999,147,6418200,149.580002
150,150.309998,146.25,6266300,147.860001
149.220001,157.479996,148.139999,10592400,157.100006
157,162.300003,155,12931900,161.839996
165.149994,173,160.25,24171100,164.220001
162.300003,168.800003,160.949997,17566900,167.009995
169.059998,171.5,163.25,14740100,166.449997
164.220001,167.75,162.509995,9436000,166.059998
166.369995,169.210007,163.960007,11028400,169
173.399994,173.699997,166.399994,12061100,168.940002
169.770004,171.619995,165.559998,11475700,170.619995
170.100006,171.5,168.25,6685300,169.929993
168.570007,169.699997,165.149994,8619700,166.970001
163.119995,164.5,158.509995,14344500,160.699997
161.449997,167.5,160.630005,8967800,166.369995
166.410004,167.899994,162.130005,5832500,163.520004
164,166.759995,160.509995,6160000,164.929993
162.770004,166.369995,162.160004,5401200,165.539993
168,170.850006,165.850006,7574900,166.580002
165.080002,168.419998,163.360001,5496900,166.229996
167.070007,167.449997,164.199997,5439700,166.220001
170.800003,180.470001,169.080002,15594600,177.919998
178.899994,185.830002,178.559998,13401700,183.389999
184.479996,185.479996,177.110001,8173400,181.110001
179.139999,184.960007,177.649994,6273400,182.330002
183.559998,186.300003,180.5,8252700,185.240005
186.699997,189.679993,185.610001,6614400,188.639999
187.520004,191.279999,186.429993,5916400,190.899994
189,194.5,188,8924700,193.369995
193.960007,194.229996,188.369995,7755900,193
188.589996,191.830002,175.399994,20775400,180.949997
175.050003,179.690002,168,23816500,173.309998
176.399994,181.179993,172.649994,14414000,180.979996
182.460007,186.729996,180.259995,11485600,183.070007
184.399994,185.929993,173.210007,13757200,174.729996
174.729996,174.990005,161.5,15316500,168.779999
173.089996,175.75,169.690002,8883900,172.929993
172.75,179.289993,171.199997,8311100,178.699997
175,182.5,174.149994,7769600,179.720001
185.279999,188.789993,183.179993,10978500,183.940002
184.899994,187.300003,182.089996,8205400,183.559998
183.539993,184.800003,180.990005,6705000,182.800003
184.149994,185.960007,182.520004,5930800,183.399994
183.279999,183.389999,171,11532100,172.600006
170.5,177.779999,166.110001,11386700,171.539993
168.910004,171.809998,160.149994,13320400,164.5
165,174.5,162.830002,10825700,173.149994
174.210007,174.5,166.800003,7595500,169.660004
170.179993,170.5,162.199997,7841700,162.860001
162.759995,165.449997,153,14111700,164.470001
164.630005,167.679993,158.169998,8401800,159.220001
155.669998,162.440002,153.300003,9333800,159.940002
163,165.899994,160.410004,7180600,162.169998
165,175.389999,164.220001,13120400,175.199997
180,181.429993,171.360001,22467100,176.809998
154.809998,160.729996,146.350006,31071700,151.160004
144.190002,145.649994,137.619995,22284700,139.770004
136.479996,140.600006,132.320007,22477900,137.949997
141,145.419998,137.100006,13997600,144.699997
144.690002,144.699997,136.179993,14985200,137.800003
140.839996,142.369995,136.339996,12658300,138.699997
138.919998,140.399994,134.110001,12203700,137.600006
136.850006,137.949997,134.350006,9900200,135.449997
135.270004,135.449997,119.610001,23138200,121.580002
119.43,129,119.220001,19816200,126.089996
126.080002,127.449997,119.059998,13849600,121.110001
122.889999,124.790001,120.25,11903800,122.099998
121.580002,122.75,117.93,11096700,121.379997
124.5,125.839996,120.300003,10267300,120.839996
119.379997,122.720001,116.099998,13885500,120.5
121.309998,126.949997,119.519997,12367600,126.940002
129.770004,130.589996,126.980003,9716200,127.279999
126.349998,128.550003,123.93,7751200,124.169998
132.679993,144.940002,131.589996,25682400,144.699997
144.320007,144.429993,137.130005,13147700,138.949997
140.149994,143.350006,139.5,9288400,140.479996
141.509995,142.490005,136.300003,7909600,137.360001
137,141.699997,134.210007,9061500,141.600006
140.050003,145.869995,139.860001,10748200,142.190002
141.880005,143.050003,139.490005,7137800,139.649994
139.699997,148.240005,138.529999,10767800,147.470001
148.050003,151.800003,147.320007,10591900,147.649994
148.479996,150.429993,146.100006,6675300,147.940002
147.580002,154.630005,146.320007,10495000,152.460007
152.240005,154.899994,145.949997,11581900,147.979996
146.899994,147,139.100006,12740000,140.720001
141.580002,144.350006,141.580002,7412600,143.240005
144.850006,146.240005,142.600006,5385500,143.550003
150,154.970001,149.820007,9941500,151.410004
155.039993,158,154.289993,7129500,155.5
155.300003,155.5,150.800003,5460200,151.119995
151.119995,154.809998,150.75,4467500,152.440002
152.320007,153.199997,148.660004,4262400,150.429993
149.800003,152.479996,146.550003,6188400,150.100006
150,152.190002,148.600006,4695000,149.559998
150,150.399994,145.240005,5361100,147
147.619995,150.399994,145.25,5034100,149.360001
148.850006,153.699997,148.759995,6163200,151.279999
152.5,153.429993,146.850006,5382000,147.529999
148.460007,148.899994,142.25,7446100,145.720001
145.779999,147,137.820007,6316100,139.339996
140.5,162,136.669998,27607000,161.270004
168.449997,172.229996,162.100006,20465600,164.130005
162.5,172.699997,162.399994,11959400,170.970001
170.190002,173.199997,167.949997,9206200,170.009995
171.240005,177.289993,170.809998,9734700,176.679993
177.809998,180.320007,174.759995,7022600,178.559998
177.229996,182.380005,173.419998,7867400,181.5
177.850006,180.479996,173.529999,7664300,174.600006
175.160004,177.919998,164.710007,8716400,169.619995
171.5,178.979996,171,6093400,178.380005
175.300003,179.089996,173.130005,5935500,175.229996
178,184.779999,177.009995,8565000,182.839996
178.850006,186,178.509995,6508800,181.410004
182.889999,184.880005,175.160004,6764900,177.110001
180.699997,181.600006,176.199997,4686300,178.729996
178.300003,180.589996,169.360001,7268000,174.419998
176.300003,180.110001,176,5841600,178.380005
181.009995,186.630005,179.600006,8928500,186.529999
189.339996,199.300003,189.320007,12970700,196.559998
198.970001,202.199997,192.699997,10709900,196.619995
195.779999,198.270004,194.320007,5173700,195.320007
193.339996,202.720001,193.25,8029300,199.630005
198.100006,201.880005,197,6158000,198.229996
205.240005,206,201.360001,9332800,203.699997
203.699997,203.699997,193.410004,16169000,193.639999
215.009995,215.210007,206.270004,18002300,209.970001
211.639999,213.979996,209.190002,7818800,209.600006
208.759995,218.360001,208.320007,8278400,217.649994
230,259.200012,228.449997,32681700,248
258.579987,265,247.5,24604600,253
261.25,261.899994,248.330002,17945800,252.539993
249.649994,252.679993,242.550003,14589800,244.809998
237.259995,251.649994,234.990005,13089300,250.559998
258.480011,260,252.830002,8745600,254.839996
256.720001,256.98999,251.800003,5935700,252.660004
254.139999,257.5,249.449997,7361100,252.940002
252.940002,254.850006,244.410004,7812300,246.210007
242.699997,243,236.059998,7728100,238.839996
236.5,244.600006,232.429993,8810100,234.410004
231.5,247.5,231.110001,9754400,241.490005
243.789993,244.190002,234,6236300,237.789993
235.289993,236.940002,228.320007,8289700,230.970001
234.949997,237.929993,230.5,5912600,233.979996
236.949997,241.5,235.020004,6242300,240.039993
241.389999,241.550003,233.509995,5071300,235.839996
236.160004,239.25,233.360001,3817900,234.910004
236.020004,236.199997,227.5,8216900,228.889999
229.75,229.899994,210.270004,11328800,220.169998
224.139999,227.050003,217.899994,7865400,220.440002
221.949997,222.600006,211.350006,6907300,212.960007
212.369995,213.600006,203,9495700,207.320007
212.800003,216.720001,210.270004,9684800,212.369995
216.5,216.75,206.389999,8380000,208.449997
209.020004,218.160004,208.580002,7371400,216.970001
220,230.889999,218.050003,10782300,230.289993
230.300003,235.729996,222,10923700,225.399994
226.009995,228.270004,211.25,11345600,212.229996
205.809998,216.199997,203.509995,9855500,207.520004
210.050003,216.490005,206.419998,6889300,215.460007
216.759995,218.449997,210.889999,5157900,216.929993
216.820007,217.5,203.789993,7211500,204.190002
200.610001,207,198.600006,9067200,203.779999
207.600006,208.440002,194.410004,7703000,198.089996
199.089996,199.289993,184.320007,13659300,193.910004
197,199.990005,190.820007,7202200,199.110001
199.610001,202.289993,194.080002,5926800,198.119995
197.080002,206.199997,194,5258200,204.380005
206.360001,219.330002,205.009995,9804700,218.639999
216.330002,216.740005,207,7295600,207.990005
210.809998,212.800003,203.199997,5495200,207.860001
202,206.699997,197.649994,6996700,199.850006
200,203.789993,190.5,7042000,198.509995
198.210007,207.149994,195.529999,5779100,206.919998
203.600006,208.160004,201.279999,4440600,207.889999
207.080002,214.020004,205.690002,5439900,207.729996
208.600006,211.360001,206.520004,4086800,210.910004
209.479996,217.690002,208.520004,5147000,216.610001
216.600006,218.660004,206.850006,5636700,207.279999
209.639999,210.199997,197.25,10179300,201.350006
182,194.399994,178,20056600,178.589996
179.860001,183.399994,177.220001,8495200,182.259995
183.869995,187.190002,179.880005,7002300,184.669998
183.759995,191.339996,183,7097200,190.160004
188.949997,193.479996,187.100006,5406700,190.619995
189.979996,192.660004,185.300003,6040400,188.589996
188.949997,192.039993,187.720001,4487700,191.559998
190.720001,196.889999,190,4571700,196.089996
196.940002,199.330002,193.070007,5546100,195.300003
196.179993,199.869995,194.789993,5285400,199.449997
200.350006,206.880005,199.559998,6214500,204.880005
204.529999,207.759995,202.5,4006800,207.300003
208.520004,213.869995,207.699997,5341100,211.559998
210.020004,212.770004,205.259995,5495100,210.240005
210.570007,212.490005,207.720001,3692500,210.240005
210.300003,214.800003,207.020004,5581100,207.770004
207.330002,209.350006,201.669998,4668100,204.699997
203.490005,208,202.589996,3860800,204.940002
204.350006,206.259995,200.399994,3427400,203.990005
204.470001,209.199997,204.050003,4054600,206.899994
209.75,210.809998,207.179993,3073800,208.169998
207.949997,209.990005,204.199997,2805700,205.309998
204.429993,206.970001,201.550003,3514700,202.300003
201.5,205,199.25,3977500,204.470001
205.100006,209.880005,202.710007,5993700,203.520004
204.779999,206.789993,201.580002,3544300,206.419998
206.759995,225.490005,206.259995,13246400,224.610001
224.110001,235.539993,222.850006,13304900,231.669998
231.5,231.710007,226.119995,6940200,227.119995
228.880005,235.309998,227,8793100,227.789993
228.520004,231.289993,226.199997,4903900,229.589996
229.509995,238.990005,228.220001,7791100,237.220001
238.970001,241.880005,231.630005,8075900,232.5
233.050003,237.550003,230.240005,5801600,236.889999
237.169998,240.399994,234.210007,5121400,235.600006
234.690002,240,234.5,5635000,239.059998
239.550003,244.490005,239,4828600,240.059998
242.460007,243.440002,238.699997,4336100,239.720001
240.660004,242.330002,227.070007,8027400,229.429993
231.289993,231.899994,224,5166700,229.25
227.5,229.779999,220.399994,5893700,222.660004
218.649994,220.960007,214.270004,7836200,219.070007
221.270004,224.220001,219.210007,4115400,223.059998
217.179993,222.220001,216.039993,4863900,219.460007
220.610001,221.600006,217.600006,3302300,218.130005
219.990005,228.789993,215.449997,7203200,226.699997
226.729996,227.649994,218.100006,5718500,219.580002
221.820007,224.800003,216.820007,4044500,217.160004
216.160004,220.550003,213.600006,4649400,215.399994
215.949997,221.210007,215.929993,4253700,220.020004
217.25,223.210007,216.720001,3822200,220.539993
222.190002,223.300003,219.110001,2730000,219.580002
220.009995,224.75,219.429993,3083300,222.490005
223.25,225.100006,220.800003,3245500,223.539993
222.720001,226.970001,221.75,3087100,223.570007
224.25,232,221.399994,6514300,224.820007
226.610001,228.300003,224.860001,3382400,225.009995
221.919998,229.600006,221.039993,4927800,228.919998
229.259995,231.399994,221.5,7749100,223.300003
226.089996,237.5,226,11895800,233.270004
234.380005,240.5,233.270004,5959700,238.520004
237.470001,242.990005,235.690002,5388600,238.490005
238.899994,251.419998,238.580002,9249300,248.929993
250.119995,256.690002,249.119995,7478900,252.389999
251.160004,251.759995,246.5,5090100,248.130005
255.479996,263.73999,255,8101300,259.320007
258.079987,260.299988,254.580002,6382300,259.959991
262.01001,265.640015,259.609985,6932600,260.309998
262.48999,263,256.5,4126600,261.380005
261.480011,262.089996,258.5,3867900,262.01001
263.25,267.26001,259.75,5849200,259.940002
258.869995,259.329987,251.619995,5334800,256.76001
254.669998,258.73999,253,3027900,255.710007
256.519989,258.799988,253.259995,2915600,254.339996
254.539993,256.950012,252.610001,2833400,256.779999
258.190002,263.679993,258.190002,4318100,262.549988
264.980011,265.5,261.660004,3818000,261.73999
263.5,264.23999,260.290009,2985100,263.25
261.890015,264.480011,261.640015,2844900,263.859985
268.700012,272,267.51001,6447100,269.700012
275.5,284.890015,274.299988,9852400,284.119995
287.670013,288,280.100006,6772300,281.190002
284.01001,291.420013,280.399994,8341700,286.040009
282.549988,282.899994,272.51001,11169900,277.390015
277.619995,284.880005,277.519989,5501600,282.109985
282.98999,285.48999,277,4558800,278.480011
279.5,281.410004,273.660004,3781300,281.100006
280.459991,284.790009,278.630005,3766100,280.309998
280.5,282.390015,277,3324600,279.200012
274.369995,274.399994,249.130005,16455400,253.860001
255.149994,262.459991,252.419998,8300100,260.73999
262.410004,264.700012,259.5,5177700,261.380005
263.359985,265.600006,262.320007,3692600,263.820007
257.98999,261.429993,255.270004,6810900,259.320007
255,256.019989,244.710007,8214100,250.029999
245.220001,253.800003,245,5658700,250.410004
251.119995,252.839996,247.039993,3749500,252.139999
252.520004,254.960007,246.100006,4834200,246.949997
248.25,249.729996,246.070007,3795400,246.600006
244,248.639999,241.380005,4852700,245.259995
246.919998,247.649994,240.119995,4238300,242.679993
242.199997,242.660004,235.649994,5941700,240.240005
250.199997,252.789993,245.360001,8998200,251.419998
253.059998,256.5,251.029999,5406300,255.210007
259.130005,262.48999,257.799988,7713300,260.619995
258.529999,261.459991,255.729996,4485500,259.570007
260.100006,262.880005,252.639999,5055100,259.279999
262.25,265.540009,254.399994,7361300,257.01001
244.639999,245.889999,235.199997,12888300,236.910004
238.570007,238.960007,221,11268700,224.589996
228.25,232.470001,223,7105300,227.059998
220,230.990005,217.320007,9147300,229.699997
219.720001,229.919998,219.100006,5399300,226.350006
233.380005,234.770004,226.550003,10549400,227.479996
226.720001,232.399994,225.509995,3494400,230.470001
234.270004,235.389999,230.800003,4130300,235.339996
233.190002,237.389999,230.559998,4116600,231.100006
234.660004,236.279999,232,3492400,235.289993
236.270004,237.800003,231.199997,3463300,235.240005
234.25,234.610001,220.309998,9553300,221.669998
229.600006,244.600006,228.25,10516300,242.770004
241.130005,241.5,235.639999,4962500,238.100006
238.139999,240.5,235.059998,3228400,238.660004
242.509995,243.119995,238.75,3775300,241.699997
243,247.559998,241.320007,4203800,242.589996
240.490005,242.350006,236.529999,3682600,238.929993
241,241.360001,230.529999,9045900,230.970001
234.490005,246.690002,228.5,15354700,241.220001
242.190002,242.839996,237.199997,5161000,240.199997
239.110001,242.880005,236.800003,4577200,241.929993
242.550003,251.820007,242,7948800,251.080002
249.720001,252.339996,245.580002,5870800,249.100006
250.619995,255.75,250.25,6236000,251.699997
250,258.850006,248.5,6101100,258.679993
257.48999,259,252.020004,4025700,253.979996
255.860001,259.98999,255.509995,4473000,257.700012
250.610001,251.880005,245.600006,7918500,247.740005
247.949997,250.929993,246,3587200,248.710007
252.210007,252.779999,242.169998,7485100,242.779999
245.199997,247.600006,240.639999,4789700,246.720001
247.350006,249.720001,246.089996,3159800,248.089996
248.339996,249,246.600006,1981200,248.440002
245.350006,246.690002,242.520004,2119700,244.520004
241.160004,242.470001,229.009995,8619400,231.639999
234.570007,234.880005,228,5887000,231.429993
226.25,229.720001,225.5,5307700,229.300003
228.600006,230.899994,227.809998,3855600,228.279999
228.669998,229.389999,222.259995,6063600,223.710007
221.539993,224.860001,212.339996,9225600,214.360001
209.339996,217.729996,204.270004,9431500,216.889999
214.130005,216.770004,207.699997,7314100,209.839996
210.529999,215.429993,208.229996,6694400,208.880005
204.820007,211.679993,204.5,7173800,207
209.289993,209.800003,202.669998,5218300,204.039993
200.889999,203.679993,195.369995,8426100,197.809998
193.059998,206.649994,192.649994,7367800,205.820007
212.380005,218.440002,211.800003,7483300,218.259995
220.190002,220.399994,214.5,6910500,219.289993
220,224.059998,218.259995,4799400,222.600006
223.809998,224.320007,219.520004,4505700,220.970001
219.770004,222.5,219.25,1332200,222.259995
221.509995,228.5,221.5,3327000,227.820007
226.899994,227.910004,224.020004,2802500,225.710007
223.990005,225.649994,221.399994,2903200,222.229996
223.089996,225.679993,222.25,2297500,222.410004
222.869995,223.25,213.259995,4764400,219.309998
214.550003,216.5,207.160004,5368500,210.089996
210.059998,214.199997,204.210007,6261900,211.279999
213.350006,214.779999,209.779999,2968400,210.949997
212.809998,213.800003,210.009995,3442500,210.619995
208.919998,209.979996,204.960007,4668300,206.660004
203.050003,204.470001,199.25,5950300,202.210007
203.320007,207.610001,200.910004,4477300,204.25
185.830002,195.199997,185,11513900,192.690002
194.490005,195.75,190,5216500,191.869995
190.699997,194.490005,189.649994,3603200,193.070007
193.869995,194.119995,187.039993,4503200,191.929993
189.550003,198.679993,189.509995,4153000,196.570007
197,203.240005,195.199997,4116900,201.619995
200.289993,203.5,198.330002,3438600,201.289993
201.830002,208.619995,201.050003,3234500,206.550003
204.419998,208.029999,203.300003,2781000,205.979996
206.110001,206.369995,198.419998,3149600,199.369995
201.070007,205.979996,196.5,3548100,205.199997
203.960007,207.470001,203,3007000,203.600006
203.970001,211.949997,203.300003,4149200,210.940002
213.220001,220.369995,211.270004,4826200,218.360001
218.289993,221.479996,216.800003,3305400,218.550003
219.880005,225.479996,219.639999,3522900,220.990005
222,223.399994,216.5,3243900,217.360001
215.380005,217.929993,211.990005,3472400,217.479996
217.550003,220.5,215,5390500,216.289993
212.210007,214.740005,207.279999,9769100,212.800003
193.570007,203.089996,193.279999,15649600,202.880005
202.899994,205.990005,200.910004,6191000,203.770004
205.699997,205.699997,201.5,3979600,204.350006
204.169998,206.169998,202.600006,2713600,204.460007
205,212.440002,203.75,5154100,211.710007
210.779999,217.600006,209.809998,5982100,217.110001
215.660004,218.199997,206.330002,8499800,207.339996
207.289993,207.289993,201.699997,6603600,204.110001
204.940002,207.139999,202.580002,3909500,203.759995
204,211.089996,202.220001,6472900,207.190002
206.899994,208.550003,202.800003,3882100,203.339996
202.699997,203.339996,195.830002,7922100,197.330002
196.809998,200.240005,195.320007,4432300,199.559998
199.25,202.520004,197.210007,4222000,202.440002
202.850006,206.190002,200.149994,4877000,200.630005
199.210007,200.75,192.149994,6712400,193.880005
194.389999,194.490005,188.25,6736700,190.880005
188.460007,193.5,187.600006,5579700,190.320007
191.149994,196.179993,191.009995,4974900,193.740005
193.75,194.449997,189.75,4149300,191.070007
188.949997,191.75,187.320007,5434300,188.679993
192,195.910004,189.800003,5628800,195.699997
195.429993,198.710007,193.940002,4894100,194.729996
194.960007,200.880005,193.110001,4820900,200.710007
202,204.589996,194.529999,8475200,195.649994
197.449997,198.990005,195.619995,4269500,198.080002
198.5,200.5,197.470001,2631600,199.630005
201.580002,203.789993,199.75,3649900,201.720001
198.270004,198.589996,192.699997,5730400,194.300003
193.919998,194.789993,189.699997,4128000,190.410004
189.070007,189.289993,181.399994,8604900,185
185.850006,192.25,181.800003,10089500,190.570007
193.529999,193.759995,188.410004,5026600,188.770004
188.699997,192.300003,186.050003,3794600,187.589996
190.229996,193.229996,190,5010400,191
198,207.75,197.5,12455800,203.100006
202.509995,205.059998,201.139999,4347900,203.25
208.199997,210.899994,205.869995,6303100,207.669998
208.429993,210.369995,206.119995,3800200,210.089996
209.850006,211.649994,209,4067700,210.899994
210.440002,213,209.050003,3758200,209.779999
208.570007,209.490005,205.5,3026000,207.460007
207.460007,209.589996,206.600006,1952400,207.830002
207.699997,209.169998,206.289993,1659100,206.699997
204.990005,206.880005,203.5,2469900,206.789993
206.779999,207.850006,203.850006,2559300,205.270004
205.800003,210.75,204.309998,3432500,209.410004
212.5,221.880005,211.690002,7863000,219.440002
218.270004,221.479996,217.149994,4411200,218.600006
220.5,220.800003,218.009995,2427800,218.429993
222.559998,238.75,222,11672600,231.550003
234.75,235.5,228.029999,6085400,230.479996
230.050003,234.970001,227.630005,3936100,232.449997
230.389999,232.889999,225.169998,3911900,226.050003
229.940002,231.770004,220.410004,5281700,226.029999
228.179993,234.729996,227.110001,4434600,230.509995
237.759995,239.5,229.130005,5796900,232.949997
234.100006,234.470001,228.199997,5270900,230.429993
221,237.479996,220.25,9455900,236.800003
235.990005,238.410004,233.699997,4668200,236.610001
236.289993,242.880005,235.309998,5672300,239.490005
240.110001,246.350006,238.190002,6363400,244.740005
247.610001,248.300003,242.25,5440200,243.179993
244.820007,244.889999,241.25,2895900,244.100006
243.929993,249.399994,242.5,4527600,248.839996
247,249.899994,246,3353200,248.75
248.429993,251,246.149994,3674200,247.139999
247.130005,247.740005,241.369995,3755600,244.350006
243.029999,246.619995,242.360001,1970600,245.619995
245.380005,248.600006,245.009995,2223100,247.729996
247.679993,252,246.5,3498700,247.460007
248.509995,249.5,245.550003,3408200,247.429993
247.029999,251.800003,245.050003,3647300,251.449997
251,252.869995,249.429993,3789300,250.800003
251.410004,251.600006,247.470001,2505100,249.449997
248.919998,249.399994,246.300003,2134800,248.350006
248.199997,250.720001,247.009995,1775500,248.990005
247.5,249.300003,245.710007,2453600,245.919998
246,249.699997,245.679993,3022000,249.139999
250.850006,258.75,250.309998,5017000,256.290009
255.399994,257.73999,254.139999,2611100,256
251.899994,254,248.5,3454500,250.699997
253.259995,254.369995,250.429993,2044100,251.410004
250.210007,253.460007,250.210007,1422300,250.690002
249.699997,251.279999,246.009995,2186200,250.380005
250.130005,253.440002,249.100006,1984700,253.119995
252.169998,264.359985,252.020004,5512900,260.410004
262,263.459991,260.019989,2782700,261.890015
262.399994,263.799988,260.100006,2463000,262.51001
262.149994,264.399994,255.690002,4561100,259.790009
260.320007,268,258.570007,3870800,267.670013
266.980011,267.350006,263.720001,2412300,265.170013
266.450012,271.410004,265.25,2849200,268.790009
268.890015,269.109985,266,3838400,267.089996
261.950012,265.950012,260.700012,3478900,262.019989
264.799988,270.920013,264,3086900,268.26001
271.109985,272.619995,267.850006,2101200,269.149994
280.200012,282.450012,273.309998,7163900,280.019989
278.880005,281.690002,276.299988,4121900,279.720001
275,275.200012,260.769989,6105100,267.880005
259.320007,260.799988,254.309998,6221100,254.960007
259.079987,262.950012,256.790009,3325100,257.920013
262.220001,263,257.820007,2610900,259.149994
262.25,262.549988,256.049988,2960300,262.160004
262.100006,265.98999,260.51001,1907600,265.649994
266.73999,267.48999,262.079987,2021600,263.140015
264.220001,267.200012,263.160004,1616000,266.679993
272.5,275.540009,268.25,5004100,274.660004
275,286.649994,272.540009,4978500,282.26001
270.049988,273.5,266.549988,6108700,266.769989
261.269989,269.440002,260.859985,3105000,267.869995
269.649994,269.899994,265.269989,2227200,267.200012
267.380005,271.089996,263.920013,2836500,265.410004
262.429993,264.429993,250.789993,4694200,253.009995
255.75,265.399994,251.839996,3895800,264.820007
264.269989,267.890015,262,2790100,263.820007
262.690002,266.940002,262.109985,2034600,266.790009
267.600006,269.359985,265.119995,2222600,266.149994
266.290009,266.709991,257.070007,2553500,259.98999
260.01001,266.720001,258.339996,2352500,266.279999
263.579987,271,260.399994,6214300,270.130005
249.539993,255,236.119995,14623800,246.130005
243.580002,243.729996,238.389999,5073400,242.509995
238.149994,242.970001,236.050003,4185900,241.139999
237.149994,239.300003,234.440002,4264900,237.369995
235,239.770004,232.740005,3728000,238.169998
239.860001,246.479996,239.119995,4689200,242.509995
247.240005,247.929993,241.770004,4364800,243.149994
255.559998,256.589996,250.509995,7176700,254.990005
255.380005,260.950012,253.559998,4195000,260.720001
260.329987,260.649994,255.020004,3596200,255.25
252.059998,254.559998,241.899994,4905800,242.179993
236,243.800003,230.509995,6590200,230.770004
202.789993,231.399994,195,9581600,218.869995
230.520004,230.899994,219.119995,4327300,220.029999
227.929993,228,215.509995,4963000,224.839996
231,244.75,230.809998,7656000,242.990005
241.860001,251.449997,241.570007,5513700,248.479996
245.619995,254.949997,245.509995,4700200,249.059998
240.339996,246,236.970001,5454800,238.630005
245.300003,247.880005,239.779999,4629200,247.690002
252.059998,252.080002,245,4194800,245.570007
240.889999,244.089996,238.199997,3689200,241.929993
245.050003,249.160004,244.050003,3138200,248.169998
252.050003,254.25,248.300003,3390800,248.910004
247.229996,250.720001,245.330002,2709000,248.479996
247.639999,250.240005,244.729996,2350800,250.240005
251.100006,254.25,249.669998,2890900,253.190002
252.75,254.600006,249.5,2933500,253.570007
253.039993,262.880005,252.880005,4417100,262.25
263.959991,265.5,260.690002,3585800,262.070007
257.959991,263.820007,257.5,3763100,260.619995
263.980011,271.570007,255.800003,6120200,264.200012
259.029999,262.649994,255.869995,3664400,260.940002
261.950012,262.079987,257.579987,2600800,261.059998
259.529999,263.450012,256.209991,3448200,263.119995
266.609985,266.910004,256.149994,3773400,256.910004
257.350006,259.790009,246.610001,4901100,248.429993
250.460007,254.729996,245.460007,3703200,246.649994
252,252.399994,242.339996,4929600,248.399994
247.509995,248.5,237.130005,4573000,239.880005
235.600006,247.699997,234.929993,4424000,247.570007
248.839996,249.839996,244.130005,3689900,246.149994
240,243.029999,235.580002,5225200,241.460007
236.630005,237.699997,229.119995,6814000,231.960007
230.080002,230.720001,221.309998,6133200,226.720001
220.929993,224.369995,218.360001,6158400,220.690002
222.990005,223,215.270004,3836300,215.580002
213.279999,222.520004,211.130005,5171500,219.25
220.669998,220.949997,215.429993,3104400,216.880005
216.429993,221.729996,213.699997,2844200,221.309998
223.039993,230.479996,222.869995,4334500,227.009995
226.5,231.149994,224.940002,2507900,228.100006
227.720001,228.600006,202,14863300,213.029999
211.990005,214.809998,208.800003,4151500,210.089996
211.559998,215.75,209.399994,2825200,211.720001
215,215.350006,207.690002,4235500,209.089996
211.380005,215.880005,210,3391400,215.259995
214.839996,217.100006,207.509995,3519400,210.350006
211.309998,213.449997,208.300003,2728600,212.960007
211.75,213.75,210.639999,1805000,211.630005
210.399994,211.630005,203.889999,4438900,206.929993
208.919998,215.800003,207.220001,3927900,213.789993
213.850006,214.440002,207.75,8332500,208.350006
227,232.740005,225.199997,12726400,231.630005
230.580002,234.580002,229.190002,4496800,231.770004
230.699997,233.360001,229.5,2445300,232.360001
232.990005,232.990005,224.309998,3850900,225.330002
223.479996,223.699997,216.080002,4617000,216.5
217.770004,219.479996,213.630005,3347800,219.080002
217.850006,219,212.660004,2915900,212.940002
212.949997,212.990005,206.520004,3430300,207.190002
206.089996,214.979996,205.800003,2925400,214.309998
215.199997,216,211.399994,2148700,214
214.5,221.380005,212.520004,2811900,221.070007
220.539993,226.190002,220.300003,2504400,221.800003
223.490005,225,213.580002,4400700,220.009995
217.350006,219.179993,214.679993,2526200,217.75
215.369995,221,215,2480300,218.25
221.339996,230.830002,220.380005,3990800,229.639999
231.059998,232.25,227.009995,1949400,231.610001
231.789993,234.279999,229.080002,2659800,230.259995
231.059998,238,231.050003,3734000,237.190002
237,238.600006,231.229996,2981500,231.990005
235.479996,237.449997,230,2939600,232.710007
232.460007,233.270004,227.660004,2573600,230.380005
227.699997,235.630005,226.149994,3144200,231.130005
227.520004,228.800003,224.199997,2687600,226.720001
226.699997,227.5,220.720001,3057800,224.520004
224.710007,228.490005,223.639999,2067000,227.070007
225.240005,225.75,216.639999,3268700,217.020004
217.509995,220.919998,214.869995,2827100,218.580002
221.820007,222.220001,218,2244400,221.089996
222.100006,234.880005,220.729996,5104300,234.509995
233.940002,237.759995,229.809998,3298600,233.389999
232.889999,235.899994,229.289993,3014200,230.460007
231.690002,235.830002,231.080002,1953200,232.559998
234.990005,236.550003,229.630005,1961500,229.949997
232.179993,233.449997,228.130005,1555000,229.699997
230.559998,231.880005,228.279999,708000,230.570007
231.490005,231.979996,225.539993,1901300,228.949997
230.059998,237.720001,229.550003,2406300,237.190002
236.600006,243.630005,235.669998,3697900,238.089996
238.509995,243.449997,238.369995,2683200,240.009995
230.720001,231.380005,219,6827100,223.410004
226.360001,226.889999,220,3186800,223.429993
220,220.050003,215.979996,3779100,219.039993
214.190002,218.440002,213.669998,3554300,215.649994
217.860001,220.440002,210.770004,3628100,211
214.009995,214.449997,203,4091400,207.850006
211.600006,213.740005,205.309998,3091900,209.970001
212.009995,212.649994,200,4126400,200.309998
202.210007,210,193.380005,6490700,206.179993
198.970001,205.070007,197.25,5322200,204.990005
208.710007,210.470001,200.779999,4038700,204.720001
199.399994,201.279999,191.25,5838600,198.699997
201.550003,203.229996,195.020004,3166200,199.970001
204.800003,205.5,199.029999,3124100,202.550003
200.059998,203.570007,195.880005,2698700,196.380005
196.699997,197.820007,188.880005,4964200,193.559998
192.380005,193.259995,185.770004,3617200,188.070007
190.789993,191.279999,182.410004,4592800,189.699997
189.949997,193.740005,188.080002,2852300,191.199997
188.759995,199.520004,182.75,5297600,196.940002
192.419998,193.119995,180.229996,5773600,182.779999
183.589996,183.940002,170.179993,7931400,173.479996
170.699997,175.979996,166.990005,4385400,175.330002
171.300003,173,157.740005,9437600,162.600006
157.100006,157.149994,146,9313000,147.990005
142.320007,159.789993,141.050003,8651600,148.25
150.5,154.970001,141.740005,10406500,143.669998
152,163.259995,147,14252400,150.470001
155,157.009995,143.699997,7235800,151.039993
158.699997,162.949997,154.110001,5593800,155.169998
159,169.339996,156.679993,5825200,168.679993
172.419998,172.949997,164.770004,3887600,166.770004
163.660004,167.490005,162.5,2959400,166.580002
170.119995,178.910004,169.850006,5060100,177.740005
176.160004,181.729996,173.679993,5984400,177.210007
172.75,179.5,167.839996,5395600,179
178.649994,188.520004,175.199997,5750700,187.429993
188.699997,192,185,6065100,190.339996
192.399994,196.350006,189.220001,4499000,191.929993
194.25,195.949997,182.699997,6712200,186.350006
183.729996,188.520004,181.5,4862400,188.339996
188.279999,197.419998,184.220001,4829000,195.740005
198,204.029999,197.5,6489100,201.039993
197.679993,209.699997,197.399994,5329400,205.289993
203.5,207.5,202.199997,4178700,202.600006
204.520004,209.369995,202.789993,3208600,208.720001
210,213.289993,200.669998,5192500,205.179993
207.929993,209.419998,205.330002,3343100,207.5
212.649994,216.720001,210.639999,4065700,215.149994
214.270004,218.970001,211.5,3180500,218.339996
218,222.580002,217.020004,3516700,221.929993
221.470001,228.5,220,3782900,226.380005
229.100006,234.479996,228.059998,4711800,232.740005
235.339996,239.880005,235,5307800,238.320007
237.210007,238.990005,232.559998,4316000,234.240005
232.369995,234.729996,222.029999,4948800,222.580002
215.779999,228.889999,215,4960900,227.75
231.610001,234.809998,225,3925700,230.259995
229.889999,232.380005,225.330002,4014300,230.130005
235.089996,235.5,226.5,4033000,226.889999
229.339996,237.419998,225.009995,8012900,229.770004
244.830002,247.899994,233.25,15997500,237.589996
249.119995,252.119995,243.639999,13475300,246.990005
240.5,256.559998,240,9948700,255.470001
253.970001,267.73999,253.449997,11705500,265.420013
266.450012,269.339996,254.509995,8856200,257.200012
260.5,260.820007,248.020004,7363900,250.070007
251,258.98999,245.300003,9161700,249.919998
249.5,251.800003,243.630005,5763200,247.820007
248.509995,255.5,247.330002,4925600,254.529999
253,256.839996,251.050003,4132200,251.860001
251.309998,254.600006,249.119995,3752400,254.509995
252.229996,258.309998,251.660004,4261800,253.880005
253.119995,254.369995,241.25,6357500,247.369995
246.259995,253.660004,241.5,5194100,249.970001
248.990005,250.899994,246.910004,2783100,248.289993
248.889999,254,245.710007,3786300,253.75
253.009995,257.380005,250.759995,3670300,251.820007
252.050003,255.729996,249.389999,3223800,253.740005
252.75,255,249.399994,3205800,251.470001
249.850006,253.429993,247.440002,2519000,247.710007
248.139999,248.429993,237.809998,5413800,240.759995
241.5,243.190002,234.820007,3843900,241.800003
237.360001,238.910004,231.619995,4302200,232.320007
230.289993,234.460007,220.399994,8700500,222.559998
228.460007,228.639999,209.789993,11254800,211.529999
210.869995,216.369995,208.110001,5681100,214.929993
215.720001,216.149994,206.800003,4776400,208.919998
207.550003,209.470001,205,4070600,208.690002
207.589996,215.479996,206.050003,5161900,208.960007
211.440002,211.669998,203.660004,3650500,207.279999
207.779999,211.199997,206.699997,2822800,207.610001
208.149994,213.149994,207.919998,2949400,208.289993
209.050003,209.820007,204.020004,2843600,204.660004
209.149994,215.309998,207.75,5617500,211.169998
213.619995,216.789993,207.300003,6866300,215.210007
216.990005,220.550003,216.350006,9007100,220.279999
219.869995,222.600006,215.860001,5102500,216.220001
216.600006,218.740005,215.179993,3013800,217.910004
217.910004,221.360001,216.509995,3126800,219.580002
220.5,225.259995,219.050003,4072400,225.119995
224.990005,225.929993,220.75,3642700,223.039993
223.039993,224.75,221.5,2789000,223.229996
221.479996,222.399994,216.889999,2982700,219.559998
219.589996,219.910004,217.110001,2032800,218.960007
220,221.940002,218.009995,2229000,218.990005
218,220.899994,215.449997,2249500,220.679993
222.240005,234.440002,221.520004,6213600,232.339996
233.800003,240.850006,232.610001,5972000,235.520004
234.979996,235.330002,227.059998,4492100,229.360001
227.389999,227.970001,218.419998,6026600,218.789993
219.5,225.770004,217.660004,4193000,217.869995
218.880005,222.199997,212.529999,3580200,214.960007
216.949997,221.899994,215.130005,2908500,217.699997
217.419998,218.039993,213.5,2440300,217.929993
217.809998,219.990005,214.5,3112600,215.470001
219.5,223.75,218.229996,3555500,219.699997
220.679993,222.570007,218.809998,4529000,219.610001
199.470001,205.949997,195.75,23742400,196.660004
195.690002,197.550003,192.130005,10130700,196.399994
190.050003,195.119995,189.729996,7026500,193.149994
190.860001,198.809998,187.869995,7205400,198.550003
201.889999,204.050003,199.410004,6212400,201.789993
205.130005,211.779999,203,5994900,210.190002
212.970001,213.5,209.020004,4843100,212.279999
206.139999,218.240005,206,5400000,216.5
209.729996,214.539993,208,5175300,213.979996
210,215.229996,209,4919900,214.440002
213.100006,218.119995,213.009995,3612000,215.940002
217.800003,219.809998,214.5,4074800,216.779999
219.960007,226.779999,219.509995,5429800,224.779999
224.100006,227.5,223.220001,4571300,224.649994
225.5,225.589996,220.289993,3567100,222.529999
223.119995,224.940002,221.050003,2675800,221.529999
222.520004,222.75,219.639999,2234200,220.399994
219.639999,227.089996,218.300003,3412100,226.25
225,229.100006,224.75,3115100,225.259995
226.470001,229.800003,225,2568500,228.360001
226,227.850006,219.100006,4428700,220.5
221.990005,224.5,218.880005,2579700,222.270004
222.270004,231.389999,221.369995,4490700,230.009995
227.690002,230,225.300003,3430000,229.509995
229.339996,233.360001,226.919998,2889000,228.490005
227.949997,230.759995,226.600006,2419100,230.610001
230.699997,235.279999,230.240005,3070800,234.789993
235.5,236.630005,229.380005,4016300,230.009995
229.369995,229.869995,221.399994,3934400,227.199997
227.369995,229.699997,224.210007,3887800,225.789993
225.690002,230.860001,222.050003,4147000,230.610001
230,232,227.399994,3205200,230.029999
228,229.600006,226.089996,2263600,226.160004
226.820007,231.539993,226.649994,2207800,229.080002
228.240005,229.869995,224.619995,2338300,225.649994
226.169998,227.570007,223.410004,1880900,224.910004
225.410004,226.649994,224.039993,1813500,225.610001
226.020004,229.5,224.929993,2034300,225.589996
225.490005,227.190002,223.410004,2267100,223.610001
224.330002,224.830002,222.800003,1787100,223.240005
223.820007,225.660004,222.289993,1714500,223.509995
223.539993,225.169998,222.529999,1659500,225
224.169998,225.110001,222.679993,2065500,222.929993
224.320007,228.490005,222.800003,4784400,224.839996
227.050003,227.149994,222.220001,2570700,222.619995
223.110001,223.800003,220.770004,1762500,220.960007
222.139999,222.860001,218.820007,2239000,219.990005
220.149994,220.399994,215,3266300,215.199997
216.110001,216.110001,210.520004,3168900,211.339996
210.429993,212.600006,208.649994,3276500,212.009995
209.009995,211.100006,200.5,7943100,200.770004
202.330002,203.199997,196.199997,5977400,197.779999
199.020004,203.25,199,4390600,202.830002
205.5,206.5,200.710007,3640900,201.710007
199.550003,199.889999,196.360001,3377900,197.360001
199.089996,199.919998,193.699997,3757000,194.470001
195,201.369995,194.100006,3715200,198.300003
197.059998,198.490005,193.449997,3589400,196.050003
195.75,197.919998,194.860001,2254500,196.410004
196.490005,202.520004,196.399994,3077200,200.419998
200.419998,205.699997,199,3107800,205.399994
207,209.429993,205,2299500,206.339996
206.850006,207.75,203.910004,2410500,204.639999
206.369995,207,201.559998,2633500,205.220001
206.399994,207.279999,203,2382900,206.429993
205.990005,210.179993,205.669998,2905200,207.449997
206.5,211,206.5,2394400,208.990005
209.649994,209.979996,204.610001,3373200,205.809998
207.509995,208.25,205.259995,2088400,206.270004
205.600006,207.330002,200.580002,2727000,200.699997
202.210007,204.979996,199.550003,2586300,204.029999
212.300003,215.669998,208.25,5999900,213.699997
213.100006,213.320007,208.820007,3541500,211.410004
212.240005,213.149994,208.119995,1877500,208.460007
202.460007,204.210007,200.210007,4703400,201
201,201.320007,195.800003,3493000,196.610001
201.350006,204.139999,199.660004,3316300,200.949997
201.850006,202.199997,198.309998,2328400,200.100006
200.949997,203.880005,200.419998,1970700,201.509995
200.5,200.899994,197.050003,2494600,200.240005
200.660004,201.429993,196.300003,4269900,196.509995
197.050003,198.389999,192,4554100,193.960007
195.990005,199.470001,193.259995,5680500,199.100006
199.740005,206.660004,198.059998,6991200,203.559998
202.119995,203,197.050003,5072900,199.100006
198.600006,201.570007,197.410004,2943400,200.089996
201,203.949997,200.25,2751600,202.759995
202.899994,204.690002,201.199997,2445000,202.339996
201,203.190002,200.100006,5632800,202.240005
211.339996,213.699997,201.649994,13093700,204.009995
204,205.320007,199.830002,4280100,199.970001
202.490005,202.490005,195.809998,4692300,197.729996
198.039993,198.5,188.110001,7060000,190.789993
190.050003,192.699997,187.509995,4253400,188.020004
189,191.470001,187.039993,2653000,187.419998
189,193.460007,185.960007,5146000,190.559998
193.589996,194.289993,190.050003,3870100,193.210007
193.789993,197.490005,191.259995,3267600,194.940002
186.880005,192,183.949997,8173100,190.059998
191.050003,191.610001,180.419998,6750300,185.350006
184.240005,188.880005,183,3988500,188.559998
188,188.25,178.190002,6552200,181.449997
182.779999,186.429993,182.050003,3902000,183.770004
182.649994,184.729996,181.210007,3434400,183.929993
183.490005,189.490005,182.110001,4887100,188.660004
190.649994,193,185,5210300,185.020004
185.039993,188.889999,184.410004,4361000,184.520004
185.839996,191.470001,183.710007,5603400,191.169998
190.610001,195.639999,189,4891900,193.139999
193.639999,197.240005,193.639999,2366100,196.649994
195.479996,199.350006,194.550003,4529200,196.119995
195.559998,196.729996,189.5,4439300,189.570007
191,191.889999,187.5,3547100,189.399994
188.25,188.529999,181,5126400,181.880005
182.880005,184.880005,180,4042300,181.470001
182.509995,188.889999,182.509995,4072200,186.800003
185.520004,186.580002,182.679993,3391600,185.850006
186.149994,193.399994,185,5461900,193.149994
192.050003,192.5,189.539993,3194100,192.289993
190.869995,193.839996,190.809998,2722500,192.179993
192.800003,194.419998,191.179993,2438900,192.429993
193.179993,201.279999,193,6823900,198.149994
198.740005,203,196.759995,4150900,198.690002
198.410004,200.740005,197.389999,3219600,197.580002
198.080002,202.589996,197.600006,3796900,202.490005
202.490005,204.449997,199.839996,3488100,202.729996
203.050003,209,202.5,4689100,208.789993
208.449997,212.229996,207.410004,5207600,207.699997
208.220001,209.990005,206.5,3111100,208.449997
208,213.449997,207.710007,4670500,213.339996
214.880005,222.25,214.419998,5915700,219.529999
221.529999,223.800003,217.199997,3782500,219.740005
218.559998,219.199997,214.119995,4045000,214.679993
216.300003,217.5,211.679993,4642600,213.690002
214.860001,220.330002,210.960007,5923300,216.990005
214.75,228,214.309998,11213500,226.990005
226.419998,227.479996,221.949997,5911700,226.75
226.929993,230.309998,225.449997,5527900,229.009995
228.970001,231.919998,228,3957000,231.279999
232,232,226.889999,3660000,229.869995
229.070007,229.979996,226.679993,3650800,229.729996
229.059998,230.699997,225.580002,3790200,229.589996
230,237.850006,229.589996,6093000,237.75
236.699997,239.960007,234.369995,4617500,235.580002
236.649994,239.710007,235.580002,3769000,238.360001
247.25,248.679993,240.75,7732300,243.759995
245.460007,246,243.009995,4204300,244.729996
245.850006,250.889999,245.5,6262900,248.919998
250,254.800003,249.649994,4965500,254.610001
257.309998,258.459991,251.800003,5142600,254.470001
254.289993,255.740005,250.75,3152100,252.509995
251.380005,253,248.520004,3166300,252.949997
252.529999,255.289993,247.100006,3801100,250.630005
249.240005,255.889999,247.699997,4116100,251.929993
253.050003,253.199997,249.050003,3958800,249.240005
248.339996,252.419998,247.710007,2499800,251.550003
251.910004,252.179993,249.679993,2186700,251.330002
251,257.820007,250.630005,3562500,257.769989
258.190002,260,256.420013,4244800,257.480011
257.350006,263.359985,256.200012,3933000,262.079987
266.25,271.179993,266.149994,7820200,269.200012
269.790009,270.950012,266.109985,3619700,269.230011
270.73999,280.790009,270.51001,7029600,280.600006
279.029999,287.390015,278.609985,7345200,280.980011
280,282.23999,276.440002,4947900,279.76001
277.600006,280,268.5,7077300,268.950012
265.799988,272.890015,264.149994,6257100,272.230011
275.450012,281.399994,274.01001,5676700,277.390015
280.309998,283.450012,272.600006,8755000,273.51001
264,264.660004,255.559998,14915200,255.990005
252.660004,258.25,250.199997,8171600,257
248.169998,248.360001,242.009995,11460800,246.229996
244.190002,251,243.899994,6078100,249.990005
254.179993,254.850006,249.110001,4809500,250.020004
249.710007,253.279999,248.270004,3351800,250.479996
250.740005,251.899994,249,2919400,251.570007
247.910004,251.699997,247.509995,3355500,251.210007
251.919998,253.889999,248.320007,3459500,248.589996
247,250.070007,245.320007,3725200,246.869995
247.630005,248.660004,243,3879300,244.899994
246.210007,246.5,243,3066300,243.690002
244.820007,246.850006,242.779999,3022600,246.169998
246.110001,258.119995,246.020004,7598400,258
257,261,254.270004,5330800,255.729996
262.399994,265.75,259.059998,7132200,262.049988
264,265.329987,261.200012,6497500,261.5
260.600006,264.549988,258.820007,3614300,261.920013
262.829987,264.799988,250.240005,6908600,250.679993
251.559998,255.070007,250.509995,4059300,255.009995
255.389999,257.670013,253.300003,3320200,254.779999
255.699997,263.890015,255.009995,5647300,263.160004
260.600006,270.570007,259.75,6230800,270.220001
277.019989,280.679993,275,7987600,277.450012
278.339996,279.600006,275.540009,3676200,277.380005
278.040009,282,277.209991,4148400,277.920013
278.730011,279.679993,276.320007,3294600,278.299988
286.899994,299,284.579987,13888600,298.519989
296.890015,304.809998,294.529999,10134600,303.700012
302.040009,304.880005,294.200012,7880900,295
296.880005,301.940002,294.100006,5520600,298.700012
297.5,302.690002,297.149994,4579600,302.540009
309.149994,313.730011,308.709991,7664500,312.390015
313.380005,313.470001,305.5,5724600,308.709991
306.339996,308.450012,296.320007,6050700,296.839996
296.700012,307.390015,295.299988,9284600,304
302.700012,304,298.679993,4138700,301.440002
299.700012,300.839996,297.899994,3035700,300.25
302.459991,306.619995,302.109985,3898000,305.519989
306.51001,309.149994,300.230011,6149400,302.51001
302,306.399994,300.420013,4509800,305.600006
309.220001,310.549988,306.019989,5083500,308.029999
308,313.980011,305.859985,6737700,313.790009
312.369995,314.5,309,4695000,310.170013
311.690002,313.089996,307.5,3468600,308.630005
309.829987,314.799988,308,4505500,314.070007
314.880005,327.25,314.809998,8829600,322.829987
324,327.660004,316.559998,5382800,318.890015
317.670013,321.529999,310.450012,7133400,311.019989
307.440002,307.769989,290.76001,14152000,295.459991
298,308.549988,296.799988,8177300,308.350006
310.899994,313.790009,305.820007,7006500,307.190002
309.380005,321.98999,309.100006,9676500,321.26001
321.559998,325.5,318.119995,5741600,325.220001
323.399994,326,319.600006,4753800,323.100006
325.480011,327,321.529999,4121600,324.809998
318.380005,320.200012,312.529999,7622000,315.880005
317.589996,320.059998,315.140015,4152500,317.01001
314.390015,314.630005,305.5,6711900,306.109985
307,313.940002,305.309998,5653800,313.059998
315.5,316.5,310.200012,4687600,310.829987
312.799988,314.369995,306.799988,4329200,310.350006
310.459991,310.730011,303.480011,4318400,303.859985
306.51001,311,305.399994,5033300,310.220001
311.019989,316.970001,307.809998,5014000,316.829987
317.279999,325.48999,316.309998,7802200,325.140015
326,336.279999,325.76001,7782900,335.100006
337.690002,342.890015,335.160004,9963400,341.01001
344,344.880005,337.290009,7608000,340.369995
339.769989,342.880005,335.929993,5580300,339.850006